dataset_id,dataset_name,specialties,modality,scale_or_cases,labels_or_tasks,access_status,license_status,dataset_url,publication_url,last_checked,verification_note
DENTEX,DENTEX 2023,dental radiology; restorative dentistry; oral surgery,Panoramic dental radiographs,"693 quadrant labels; 634 tooth enumeration; 1,005 diagnosis-labelled; 1,571 unlabeled",Quadrant and tooth enumeration; caries; deep caries; periapical lesions; impacted teeth,public_download,Needs verification,https://zenodo.org/records/7812323,https://arxiv.org/abs/2303.06500,2026-10-03,"Zenodo record describes the resource and partitions; record licence field was not stated in the source view checked."
PERIAPICAL-450,Dataset of dental radiographs for the study of periapical lesions,endodontics; oral radiology,Periapical radiographs,450 conventional diagnostic radiographs of anterior teeth,Specialist labels with versus without periapical lesion,public_download,Needs verification,https://zenodo.org/records/13772918,,2026-10-03,"Dataset record is open and reports 450 images; licence field was not stated in the source view checked."
MULTIMODAL-DENTAL,Multimodal dental dataset facilitating machine learning research and clinic services,general dentistry; oral radiology; implant dentistry; prosthodontics,CBCT; panoramic radiographs; periapical radiographs,"169 patients; 329 CBCT files; 8 panoramic radiographs; 188 periapical files",Matched multimodal imaging and oral-health conditions,controlled_access,PhysioNet Contributor Review Health Data License 1.5.0,https://physionet.org/content/multimodal-dental-dataset/1.1.0/,https://doi.org/10.1038/s41597-024-04130-1,2026-10-03,"Credentialing, CITI training, signed DUA, and contributor approval are required; verify version-specific conditions."
MAXILLO,Maxillo-facial CBCT dataset,maxillofacial surgery; oral radiology; implant dentistry,CBCT volumes with 2D and 3D expert annotations,Not reported in this catalogue record,Mandibular canal segmentation and maxillofacial anatomy,public_download,Needs verification,https://ditto.ing.unimore.it/maxillo/,,2026-10-03,"Project page describes the dataset as publicly available and provides data/tools; verify current download and licence terms."
TOOTHFAIRY3,ToothFairy3,dental radiology; oral surgery; implant dentistry,CBCT volumes in NIfTI format,532 volumes; 77 annotation classes,Multi-structure dental and maxillofacial segmentation,account_required,Needs verification,https://ditto.ing.unimore.it/toothfairy3/,,2026-10-03,"Official project page says an account is required to download; check challenge rules and citation requirements."
PERIO-KPT,Periodontal Keypoint and Object Detection Dataset (perio-KPT),periodontology; oral radiology,Panoramic dental radiography,Not reported in this catalogue record,Periodontal keypoint and object detection,controlled_access,Needs verification,https://zenodo.org/records/17272200,,2026-10-03,"Zenodo record is marked restricted; request and confirm the current access route before planning use."
TL-PANO,Dental Structure Segmentation Dataset for Panoramic Radiographs (TL-pano),oral radiology; periodontology; restorative dentistry,Panoramic radiographs,311 images: 197 annotated and 114 unannotated,Tooth layers and numbering; alveolar bone segmentation,public_download,Needs verification,https://zenodo.org/records/18715533,,2026-10-03,"Zenodo record describes the annotation classes; licence field was not stated in the source view checked."
MISSING-TEETH-CBCT,Adults' dental cone beam computed tomography images for detecting and classifying missing teeth,oral radiology; prosthodontics; implant dentistry; oral surgery,CBCT DICOM volumes,158 patient cases; 3D spatial annotations,Missing-tooth region detection and classification,public_download,CC BY 4.0,https://doi.org/10.57760/sciencedb.26465,https://doi.org/10.1038/s41597-026-07156-9,2026-10-03,"The publication states de-identified DICOM volumes and JSON annotations are available under CC BY 4.0."
MULTICENTER-PANO,Multi-center dental panoramic radiography dataset for impacted teeth periodontitis and caries,oral radiology; periodontology; restorative dentistry; oral surgery,Panoramic radiographs,See source paper,Segmentation and classification of impacted teeth; periodontitis; dental caries,public_download,Needs verification,https://github.com/qinxin99/qinxini,https://pmc.ncbi.nlm.nih.gov/articles/PMC11031544/,2026-10-03,"The paper states the dataset is freely available at the linked repository; inspect its current files and reuse terms."
DENTAL-CONDITIONS-PANO,Dataset for Automating Dental Condition Detection on Panoramic Radiographs,oral radiology; restorative dentistry; endodontics; periodontology; implant dentistry,Panoramic dental radiographs,Not reported in this catalogue record,"Bounding boxes for restorations, implants, fillings, endodontic treatment, caries, periapical lesions, periodontal bone loss, impacted teeth and other conditions",public_download,Needs verification,https://zenodo.org/records/15487430,,2026-10-03,"Zenodo search record is open; confirm the release metadata and licence directly before reuse."
TOOTHFAIRY2,ToothFairy2,dental radiology; oral surgery; implant dentistry,CBCT volumes and multi-structure labels,480 public training volumes,Multi-structure segmentation in CBCT,public_download,CC BY-SA (verify exact version/conditions),https://toothfairy2.grand-challenge.org/dataset/,,2026-10-03,"Official challenge page states the training set is available under CC BY-SA; its test set is not publicly released."
