"candidate_id","candidate_name","reported_platform","reported_year","reported_doi","reported_modality","reported_license","reported_scale","reported_dataset_url","discovery_index_url","review_status","review_note"
"LEAD-001","DENTEX Panoramic Dataset","Zenodo","2023","10.48550/arXiv.2305.19112, 10.48550/arXiv.2303.06500","Panoramic radiographs","No License Specified","Panoramic images, 2048x989 to 2950x1330","","https://github.com/sergiouribe/dental_datasets_itu/blob/main/AI_Dental_Datasets_List.md","discovery_only","Lead transcribed from a curated index; not independently verified against the primary dataset page. Check access, licence, current URL, provenance, and duplicates before promoting to a main catalogue."
"LEAD-002","CTooth Dataset","arXiv","2022","10.1007/978-3-031-17027-0_7","Cone Beam Computed Tomography (CBCT)","CC BY-NC 4.0","DICOM standard, raw images","","https://github.com/sergiouribe/dental_datasets_itu/blob/main/AI_Dental_Datasets_List.md","discovery_only","Lead transcribed from a curated index; not independently verified against the primary dataset page. Check access, licence, current URL, provenance, and duplicates before promoting to a main catalogue."
"LEAD-003","Panoramic Dental X-rays With Segmented Mandibles","Mendeley","2020","10.1117/1.JMI.2.4.044003","Panoramic radiographs","CC BY-NC 3.0","Panoramic images, 2048x989 to 2950x1330, Cropped","","https://github.com/sergiouribe/dental_datasets_itu/blob/main/AI_Dental_Datasets_List.md","discovery_only","Lead transcribed from a curated index; not independently verified against the primary dataset page. Check access, licence, current URL, provenance, and duplicates before promoting to a main catalogue."
"LEAD-004","Dental Radiography","Kaggle","2023","N/A","Panoramic radiographs","CC BY-SA 4.0","Panoramic images, 256x512 px, Cropped","","https://github.com/sergiouribe/dental_datasets_itu/blob/main/AI_Dental_Datasets_List.md","discovery_only","Lead transcribed from a curated index; not independently verified against the primary dataset page. Check access, licence, current URL, provenance, and duplicates before promoting to a main catalogue."
"LEAD-005","Panoramic-Caries-Segmentation","GitHub","2023","10.1016/j.neucom.2023.03.069","Panoramic radiographs","No License Specified","Panoramic images, 1435x2943, Cropped","","https://github.com/sergiouribe/dental_datasets_itu/blob/main/AI_Dental_Datasets_List.md","discovery_only","Lead transcribed from a curated index; not independently verified against the primary dataset page. Check access, licence, current URL, provenance, and duplicates before promoting to a main catalogue."
"LEAD-006","TK_Tooth_Number_Code","GitHub","2022","Not described","Panoramic radiographs","No License Specified","Cropped Panoramic images, 250x152, Cropped","","https://github.com/sergiouribe/dental_datasets_itu/blob/main/AI_Dental_Datasets_List.md","discovery_only","Lead transcribed from a curated index; not independently verified against the primary dataset page. Check access, licence, current URL, provenance, and duplicates before promoting to a main catalogue."
"LEAD-007","CL Detection","Grand-challenge","2023","N/A","Cephalometric radiographs","No License Specified","Cephalometric, 2048x1555 and 1804x2148","","https://github.com/sergiouribe/dental_datasets_itu/blob/main/AI_Dental_Datasets_List.md","discovery_only","Lead transcribed from a curated index; not independently verified against the primary dataset page. Check access, licence, current URL, provenance, and duplicates before promoting to a main catalogue."
"LEAD-008","Tufts Panoramic Dataset","PubMed","2021","10.1109/JBHI.2021.3117575","Panoramic radiographs","No License Specified","Panoramic images, 840x1615","","https://github.com/sergiouribe/dental_datasets_itu/blob/main/AI_Dental_Datasets_List.md","discovery_only","Lead transcribed from a curated index; not independently verified against the primary dataset page. Check access, licence, current URL, provenance, and duplicates before promoting to a main catalogue."
"LEAD-009","3DTeethSeg22_challenge ToothFairy or Teeth3DS","OSF","2022","10.48550/arXiv.2210.06094","Intra-oral 3D scans","CC BY-NC-ND 4.0","DICOM standard, raw images","","https://github.com/sergiouribe/dental_datasets_itu/blob/main/AI_Dental_Datasets_List.md","discovery_only","Lead transcribed from a curated index; not independently verified against the primary dataset page. Check access, licence, current URL, provenance, and duplicates before promoting to a main catalogue."
"LEAD-010","v7labs Panoramic Dental","Google Datasets","2023","N/A","Panoramic radiographs","No License Specified","Panoramic images, 1250 x 3122 px","","https://github.com/sergiouribe/dental_datasets_itu/blob/main/AI_Dental_Datasets_List.md","discovery_only","Lead transcribed from a curated index; not independently verified against the primary dataset page. Check access, licence, current URL, provenance, and duplicates before promoting to a main catalogue."
"LEAD-011","tooth-marked-tongue","Kaggle","2022","10.3390/diagnostics12102451","Intraoral photograph","No License Specified","Photos, 861x755 (Height 861 px, Width: 755 px)","","https://github.com/sergiouribe/dental_datasets_itu/blob/main/AI_Dental_Datasets_List.md","discovery_only","Lead transcribed from a curated index; not independently verified against the primary dataset page. Check access, licence, current URL, provenance, and duplicates before promoting to a main catalogue."
"LEAD-012","Oral Cancer (Lips and Tongue) images","Kaggle","2022","N/A","Intraoral photograph","Copyright the Authors","Photos, 825 x 1100 px","","https://github.com/sergiouribe/dental_datasets_itu/blob/main/AI_Dental_Datasets_List.md","discovery_only","Lead transcribed from a curated index; not independently verified against the primary dataset page. Check access, licence, current URL, provenance, and duplicates before promoting to a main catalogue."
"LEAD-013","Pulp Exposure","PubMed","2023","10.1186/s12903-023-03251-0","Intraoral radiographs","No License Specified","Periapical, 1402 x 1876","","https://github.com/sergiouribe/dental_datasets_itu/blob/main/AI_Dental_Datasets_List.md","discovery_only","Lead transcribed from a curated index; not independently verified against the primary dataset page. Check access, licence, current URL, provenance, and duplicates before promoting to a main catalogue."
"LEAD-014","Panoramic-Paraguay","Zenodo","2021","10.3390/s21093110","Panoramic radiographs","No License Specified","Panoramic images, 1024 x 2041 px","","https://github.com/sergiouribe/dental_datasets_itu/blob/main/AI_Dental_Datasets_List.md","discovery_only","Lead transcribed from a curated index; not independently verified against the primary dataset page. Check access, licence, current URL, provenance, and duplicates before promoting to a main catalogue."
"LEAD-015","Panoramic Dental Xray Dataset","Mendeley","2023","10.1007/s11042-023-17568-z","Panoramic radiographs","CC BY 4.0","Panoramic images, 1464 x 2964 px","","https://github.com/sergiouribe/dental_datasets_itu/blob/main/AI_Dental_Datasets_List.md","discovery_only","Lead transcribed from a curated index; not independently verified against the primary dataset page. Check access, licence, current URL, provenance, and duplicates before promoting to a main catalogue."
"LEAD-016","PhysioNet Multimodal","Google Datasets","2022","10.13026/s5z3-2766","Cone Beam Computed Tomography (CBCT), Panoramic radiographs","PhysioNet Restricted Health Data License 1.5.0","DICOM standard, raw images","","https://github.com/sergiouribe/dental_datasets_itu/blob/main/AI_Dental_Datasets_List.md","discovery_only","Lead transcribed from a curated index; not independently verified against the primary dataset page. Check access, licence, current URL, provenance, and duplicates before promoting to a main catalogue."
"LEAD-017","A dual-labeled dataset for automatic teeth segmentation, numbering, and state assessment","Kaggle","2023","N/A","Panoramic radiographs","Unknown","Panoramic images, varying file sizes from 374 KB to 3.44 MB","","https://github.com/sergiouribe/dental_datasets_itu/blob/main/AI_Dental_Datasets_List.md","discovery_only","Lead transcribed from a curated index; not independently verified against the primary dataset page. Check access, licence, current URL, provenance, and duplicates before promoting to a main catalogue."
"LEAD-018","ORCHID: Oral Cancer Histology Image Database","medRxiv","2024","10.1038/s41597-024-03836-6","Histopathology","Unknown","300x300 pixel patches from 100X objective images","","https://github.com/sergiouribe/dental_datasets_itu/blob/main/AI_Dental_Datasets_List.md","discovery_only","Lead transcribed from a curated index; not independently verified against the primary dataset page. Check access, licence, current URL, provenance, and duplicates before promoting to a main catalogue."
"LEAD-019","Vident-real: An Intra-Oral Video Dataset for Multi-Task Learning","Gdańsk University of Technology","2024","[10.34808/vjnh-9c35](http://10.34808/vjnh-9c35)","Intra-oral video recordings","CC BY-NC 4.0","800x800 pixels, 70,000 frames across 100 video sequences","http://Vident-real.zip","https://github.com/sergiouribe/dental_datasets_itu/blob/main/AI_Dental_Datasets_List.md","discovery_only","Lead transcribed from a curated index; not independently verified against the primary dataset page. Check access, licence, current URL, provenance, and duplicates before promoting to a main catalogue."
"LEAD-020","Multimodal Dental Dataset","PhysioNet","2024","10.13026/h1tt-fc69","CBCT, Panoramic Radiographs, Periapical Radiographs","Open Access (Creative Commons Attribution-NonCommercial-NoDerivatives 4.0)","329 CBCT images, 8 Panoramic, 16,203 Periapical images","https://doi.org/10.13026/h1tt-fc69","https://github.com/sergiouribe/dental_datasets_itu/blob/main/AI_Dental_Datasets_List.md","discovery_only","Lead transcribed from a curated index; not independently verified against the primary dataset page. Check access, licence, current URL, provenance, and duplicates before promoting to a main catalogue."
"LEAD-021","ACTA-DIRECT Dataset","ACTA-DIRECT Dataset","2024","10.48338/VU01-UAAHEY","Micro-CT scans and conventional radiographs","Open - freely retrievable","179 extracted molar and premolar teeth","https://publication.yoda.vu.nl/full/VU01/WK8SQN.html","https://github.com/sergiouribe/dental_datasets_itu/blob/main/AI_Dental_Datasets_List.md","discovery_only","Lead transcribed from a curated index; not independently verified against the primary dataset page. Check access, licence, current URL, provenance, and duplicates before promoting to a main catalogue."
"LEAD-022","Orthopantomogram teeth segmentation and numbering dataset","Zenodo","2024","10.5281/zenodo.10538750","Orthopantomogram (OPG)","Creative Commons License","250 images of permanent dentition, 2440 × 1292 pixels","https://zenodo.org/records/10538750?token=eyJhbGciOiJIUzUxMiJ9...","https://github.com/sergiouribe/dental_datasets_itu/blob/main/AI_Dental_Datasets_List.md","discovery_only","Lead transcribed from a curated index; not independently verified against the primary dataset page. Check access, licence, current URL, provenance, and duplicates before promoting to a main catalogue."
"LEAD-023","AlphaDent Dataset","GitHub","2025","N/A","Intraoral DSLR photography","Open License (not specified)","~1320 images (>5000x3000 px); 295 patients","https://github.com/ZFTurbo/AlphaDent","https://github.com/sergiouribe/dental_datasets_itu/blob/main/AI_Dental_Datasets_List.md","discovery_only","Lead transcribed from a curated index; not independently verified against the primary dataset page. Check access, licence, current URL, provenance, and duplicates before promoting to a main catalogue."
"LEAD-024","Gingivitis Image Captioning Dataset","Mendeley","2024","10.17632/3253gj88rr.1","Intraoral photograph","CC BY 4.0","1,096 high-resolution intraoral images of 12 anterior teeth","https://data.mendeley.com/datasets/3253gj88rr/1","https://github.com/sergiouribe/dental_datasets_itu/blob/main/AI_Dental_Datasets_List.md","discovery_only","Lead transcribed from a curated index; not independently verified against the primary dataset page. Check access, licence, current URL, provenance, and duplicates before promoting to a main catalogue."
"LEAD-025","Incisor Pulp Chamber Tomographic Images (IPCTI)","Mendeley","2025","10.1016/j.dib.2025.112033","Cone Beam Computed Tomography (CBCT)","CC (Creative Commons)","CBCT coronal and sagittal views of upper central incisors, ages 18-60","https://data.mendeley.com/datasets/","https://github.com/sergiouribe/dental_datasets_itu/blob/main/AI_Dental_Datasets_List.md","discovery_only","Lead transcribed from a curated index; not independently verified against the primary dataset page. Check access, licence, current URL, provenance, and duplicates before promoting to a main catalogue."
"LEAD-026","Dental OPG X-ray Dataset (Six Classes)","Mendeley","2024","10.17632/c4hhrkxytw.4","Panoramic radiographs","CC BY-NC 4.0","232 original + 604 augmented panoramic images, 1176 x 603 px","https://data.mendeley.com/datasets/c4hhrkxytw/4","https://github.com/sergiouribe/dental_datasets_itu/blob/main/AI_Dental_Datasets_List.md","discovery_only","Lead transcribed from a curated index; not independently verified against the primary dataset page. Check access, licence, current URL, provenance, and duplicates before promoting to a main catalogue."
"LEAD-027","Varying Views of Teeth Dataset","Mendeley","2024","10.1016/j.dib.2024.110772","Intraoral photograph","CC (Creative Commons)","9,562 images of healthy teeth from children aged 1-14","https://data.mendeley.com/datasets/6zsnhrds9t/1","https://github.com/sergiouribe/dental_datasets_itu/blob/main/AI_Dental_Datasets_List.md","discovery_only","Lead transcribed from a curated index; not independently verified against the primary dataset page. Check access, licence, current URL, provenance, and duplicates before promoting to a main catalogue."
"LEAD-028","Dental Periapical X-ray Dataset","Mendeley","2024","10.1016/j.dib.2024.110539","Intraoral radiographs (periapical)","CC BY-NC 4.0","929 high-quality periapical X-ray images","https://data.mendeley.com/datasets/","https://github.com/sergiouribe/dental_datasets_itu/blob/main/AI_Dental_Datasets_List.md","discovery_only","Lead transcribed from a curated index; not independently verified against the primary dataset page. Check access, licence, current URL, provenance, and duplicates before promoting to a main catalogue."
"LEAD-029","Apical Periodontitis Panoramic Dataset","Mendeley","2024","10.1016/j.dib.2024.110486","Panoramic radiographs","CC BY-NC 4.0","3,926 original + 17,004 augmented panoramic radiographs","https://data.mendeley.com/datasets/kx52tk2ddj/3","https://github.com/sergiouribe/dental_datasets_itu/blob/main/AI_Dental_Datasets_List.md","discovery_only","Lead transcribed from a curated index; not independently verified against the primary dataset page. Check access, licence, current URL, provenance, and duplicates before promoting to a main catalogue."
"LEAD-030","Histopathological Imaging Database for Oral Cancer","Mendeley","2020","10.1016/j.dib.2020.105114","Histopathology (H&E stained slides)","CC BY 4.0","1,224 images: 528 at 100x and 696 at 400x magnification, from 230 patients","https://data.mendeley.com/datasets/ftmp4cvtmb/2","https://github.com/sergiouribe/dental_datasets_itu/blob/main/AI_Dental_Datasets_List.md","discovery_only","Lead transcribed from a curated index; not independently verified against the primary dataset page. Check access, licence, current URL, provenance, and duplicates before promoting to a main catalogue."
"LEAD-031","Dental caries in bitewing radiographs","Mendeley","2023","10.17632/4fbdxs7s7w.1","Bitewing radiographs","CC (standard Mendeley)","100 images, 1068x847 px","https://data.mendeley.com/datasets/4fbdxs7s7w/1","https://github.com/sergiouribe/dental_datasets_itu/blob/main/AI_Dental_Datasets_List.md","discovery_only","Lead transcribed from a curated index; not independently verified against the primary dataset page. Check access, licence, current URL, provenance, and duplicates before promoting to a main catalogue."
"LEAD-032","COLLECT: Counterfactual Oral Lesion Library for Explainable Concept Testing","Borealis","2026","10.5683/SP3/KXYCNY","Intraoral clinical photography","CC BY-NC-ND 4.0","600 images total: 40 baseline images × 5 versions each; resolution not specified","https://doi.org/10.5683/SP3/KXYCNY","https://github.com/sergiouribe/dental_datasets_itu/blob/main/AI_Dental_Datasets_List.md","discovery_only","Lead transcribed from a curated index; not independently verified against the primary dataset page. Check access, licence, current URL, provenance, and duplicates before promoting to a main catalogue."
"LEAD-033","AKUDENTAL Teeth Instance Segmentation Dataset","GitHub","2026","10.1186/s12903-025-07645-0","Panoramic radiographs","Publicly available for non-commercial academic research","333 panoramic radiographs; 2494×1435 to 2871×1536 px; average approximately 2908×1445 px","","https://github.com/sergiouribe/dental_datasets_itu/blob/main/AI_Dental_Datasets_List.md","discovery_only","Lead transcribed from a curated index; not independently verified against the primary dataset page. Check access, licence, current URL, provenance, and duplicates before promoting to a main catalogue."
"LEAD-034","BRAR-anchored Multimodal Dataset","Figshare","2025","10.1038/s41597-025-06400-y","Panoramic radiographs with demographic and clinical metadata","Openly available via Figshare","1,104 full-mouth panoramic radiographs; resolution not specified","","https://github.com/sergiouribe/dental_datasets_itu/blob/main/AI_Dental_Datasets_List.md","discovery_only","Lead transcribed from a curated index; not independently verified against the primary dataset page. Check access, licence, current URL, provenance, and duplicates before promoting to a main catalogue."
"LEAD-035","Annotated Clinical Image Dataset for Malignant and Potentially Malignant Oral Lesions","Zenodo","2025","10.1038/s41415-025-9007-6","Intraoral clinical photography","CC BY-NC-ND 4.0; restricted access upon request","9,201 original intraoral images; dimensions vary from 40,992 to 24,216,480 total pixels","","https://github.com/sergiouribe/dental_datasets_itu/blob/main/AI_Dental_Datasets_List.md","discovery_only","Lead transcribed from a curated index; not independently verified against the primary dataset page. Check access, licence, current URL, provenance, and duplicates before promoting to a main catalogue."
"LEAD-036","Dataset of Annotated Oral Cavity Images for Oral Cancer Detection","Zenodo","2024","10.1016/j.oraloncology.2024.106946","Intraoral oral-cavity photography","Open access","3,000 anonymized high-quality images from 714 patients","","https://github.com/sergiouribe/dental_datasets_itu/blob/main/AI_Dental_Datasets_List.md","discovery_only","Lead transcribed from a curated index; not independently verified against the primary dataset page. Check access, licence, current URL, provenance, and duplicates before promoting to a main catalogue."
"LEAD-037","Annotated intraoral image dataset for dental caries detection","Zenodo / Scientific Data","2025","10.5281/zenodo.14827784 (dataset); 10.1038/s41597-025-05647-9 (paper)","Intraoral photographs","CC BY-NC-ND 4.0","6,313 images (ages 10–24); with/without cheek retractors; 5 views per patient (maxillary/mandibular occlusal, left/right lateral, frontal)","https://zenodo.org/records/14827784","https://github.com/sergiouribe/dental_datasets_itu/blob/main/AI_Dental_Datasets_List.md","discovery_only","Lead transcribed from a curated index; not independently verified against the primary dataset page. Check access, licence, current URL, provenance, and duplicates before promoting to a main catalogue."
"LEAD-038","Mixed Dentition Orthopantomogram Dataset for AI Research in Pediatric Dental Cariology (MD-OPG)","Zenodo; GitHub","2025 dataset release; 2026 publication","[10.5281/zenodo.17786082](https://doi.org/10.5281/zenodo.17786082)","Digital orthopantomogram (OPG); panoramic dental radiograph","No dataset-specific reuse license specified in accessible metadata; associated publication is CC BY, but this should not automatically be considered the dataset license","170 panoramic radiographs; each original full image is 1920 × 1535 px. Smile-zone images have variable original dimensions and are padded to 440 × 1000 px for segmentation. Dataset includes 716 proximal-caries labels and 179 occlusal-caries labels","https://zenodo.org/records/17786082","https://github.com/sergiouribe/dental_datasets_itu/blob/main/AI_Dental_Datasets_List.md","discovery_only","Lead transcribed from a curated index; not independently verified against the primary dataset page. Check access, licence, current URL, provenance, and duplicates before promoting to a main catalogue."
"LEAD-039","PRAD-10K","GitHub","2025","10.1007/978-3-032-05169-1_46 (MICCAI 2025 chapter); 10.48550/arXiv.2504.07760 (preprint)","Periapical radiographs (PR)","Not specified; described as partially available to the public through an application process due to copyright and commercial considerations; 5,000 of the 10,000 images available on request","10,000 clinical periapical radiographs","https://github.com/nkicsl/PRAD","https://github.com/sergiouribe/dental_datasets_itu/blob/main/AI_Dental_Datasets_List.md","discovery_only","Lead transcribed from a curated index; not independently verified against the primary dataset page. Check access, licence, current URL, provenance, and duplicates before promoting to a main catalogue."
"LEAD-040","Dataset for Automating Dental Condition Detection on Panoramic Radiographs","Zenodo","2025","10.5281/zenodo.15487430 (dataset); 10.3390/diagnostics14202336 (Mureșanu et al. 2024); 10.1016/j.mex.2025.103696 (Eftimie et al. 2025)","Panoramic radiographs","CC BY 4.0, subject to an additional database usage agreement restricting use to non-commercial research and education and prohibiting redistribution","1,628 panoramic images (training set), plus a separate external validation set of 180 radiographs","https://zenodo.org/records/15487430","https://github.com/sergiouribe/dental_datasets_itu/blob/main/AI_Dental_Datasets_List.md","discovery_only","Lead transcribed from a curated index; not independently verified against the primary dataset page. Check access, licence, current URL, provenance, and duplicates before promoting to a main catalogue."
"LEAD-041","Expert Annotated Mandibular Third Molar (ExAn-MTM) Dataset","Mendeley","2025","10.1007/s11227-025-07775-w","Panoramic radiographs","Not specified","973 panoramic radiographs; training set 875 images (624 e-MTM, 980 i-MTM annotations)","https://data.mendeley.com/datasets/t8k59p35p6/1","https://github.com/sergiouribe/dental_datasets_itu/blob/main/AI_Dental_Datasets_List.md","discovery_only","Lead transcribed from a curated index; not independently verified against the primary dataset page. Check access, licence, current URL, provenance, and duplicates before promoting to a main catalogue."
"LEAD-042","A Multi-Center Dental Panoramic Radiography Image Dataset for Impacted Teeth, Periodontitis, and Dental Caries","GitHub","2024","10.1007/s10278-024-00972-8","Panoramic radiographs","Available on request through GitHub; no standard license specified, stated for research use","6,580 total images across 3 centers (4,940 + 716 + 880 core sets after exclusions: 5,557 + 734 + 126 + 163 = 6,580 in final grouping); 2,567 impacted-teeth images, 2,736 periodontitis images, 1,277 caries images; resolutions 2976×1536, 2893×1480, 2440×1280, and 2440×1292 px depending on center","https://github.com/qinxin99/qinxini","https://github.com/sergiouribe/dental_datasets_itu/blob/main/AI_Dental_Datasets_List.md","discovery_only","Lead transcribed from a curated index; not independently verified against the primary dataset page. Check access, licence, current URL, provenance, and duplicates before promoting to a main catalogue."
"LEAD-NIDCR-001","National Health and Nutrition Examination Survey (NHANES)","CDC/NCHS","","","oral examination; survey; clinical measures","","","","https://www.ddshub.nih.gov/data-sources/population-health-data","discovery_only","Listed by the NIDCR Data-Driven Science Hub as an oral-health or craniofacial data source; primary provider page, current variables, access, licence, and duplication still need review."
"LEAD-NIDCR-002","National Health Interview Survey (NHIS)","CDC/NCHS","","","self-reported oral health; survey","","","","https://www.ddshub.nih.gov/data-sources/population-health-data","discovery_only","Listed by the NIDCR Data-Driven Science Hub as an oral-health or craniofacial data source; primary provider page, current variables, access, licence, and duplication still need review."
"LEAD-NIDCR-003","Behavioral Risk Factor Surveillance System (BRFSS)","CDC","","","self-reported oral health; survey","","","","https://www.ddshub.nih.gov/data-sources/population-health-data","discovery_only","Listed by the NIDCR Data-Driven Science Hub as an oral-health or craniofacial data source; primary provider page, current variables, access, licence, and duplication still need review."
"LEAD-NIDCR-004","Medical Expenditure Panel Survey (MEPS)","AHRQ","","","dental utilization; procedures; expenditures; survey","","","","https://www.ddshub.nih.gov/data-sources/population-health-data","discovery_only","Listed by the NIDCR Data-Driven Science Hub as an oral-health or craniofacial data source; primary provider page, current variables, access, licence, and duplication still need review."
"LEAD-NIDCR-005","Medicare Current Beneficiary Survey (MCBS)","CMS","","","oral health; dental use; survey","","","","https://www.ddshub.nih.gov/data-sources/population-health-data","discovery_only","Listed by the NIDCR Data-Driven Science Hub as an oral-health or craniofacial data source; primary provider page, current variables, access, licence, and duplication still need review."
"LEAD-NIDCR-006","National Survey of Children's Health (NSCH)","HRSA/Census Bureau","","","pediatric dental visits; preventive care; survey","","","","https://www.ddshub.nih.gov/data-sources/population-health-data","discovery_only","Listed by the NIDCR Data-Driven Science Hub as an oral-health or craniofacial data source; primary provider page, current variables, access, licence, and duplication still need review."
"LEAD-NIDCR-007","Youth Risk Behavior Surveillance System (YRBSS)","CDC","","","adolescent dental care; survey","","","","https://www.ddshub.nih.gov/data-sources/population-health-data","discovery_only","Listed by the NIDCR Data-Driven Science Hub as an oral-health or craniofacial data source; primary provider page, current variables, access, licence, and duplication still need review."
"LEAD-NIDCR-008","Pregnancy Risk Assessment Monitoring System (PRAMS)","CDC","","","maternal oral health; survey","","","","https://www.ddshub.nih.gov/data-sources/population-health-data","discovery_only","Listed by the NIDCR Data-Driven Science Hub as an oral-health or craniofacial data source; primary provider page, current variables, access, licence, and duplication still need review."
"LEAD-NIDCR-009","Health and Retirement Study (HRS) dental module","University of Michigan","","","dental health; dentures; oral-health-related quality of life; longitudinal survey","","","","https://www.ddshub.nih.gov/data-sources/population-health-data","discovery_only","Listed by the NIDCR Data-Driven Science Hub as an oral-health or craniofacial data source; primary provider page, current variables, access, licence, and duplication still need review."
"LEAD-NIDCR-010","SEER incidence data for oral cavity and pharynx cancers","NCI/SEER","","","oral and pharyngeal cancer registry; clinical outcomes","","","","https://www.ddshub.nih.gov/data-sources/population-health-data","discovery_only","Listed by the NIDCR Data-Driven Science Hub as an oral-health or craniofacial data source; primary provider page, current variables, access, licence, and duplication still need review."
"LEAD-NIDCR-011","Population Assessment of Tobacco and Health (PATH) Study","ICPSR/NIH","","","oral conditions; tobacco exposure; longitudinal survey","","","","https://www.ddshub.nih.gov/data-sources/population-health-data","discovery_only","Listed by the NIDCR Data-Driven Science Hub as an oral-health or craniofacial data source; primary provider page, current variables, access, licence, and duplication still need review."
"LEAD-NIDCR-012","Tobacco Use Supplement to the Current Population Survey (TUS-CPS)","NCI/Census Bureau","","","dental visits; tobacco use; survey","","","","https://www.ddshub.nih.gov/data-sources/population-health-data","discovery_only","Listed by the NIDCR Data-Driven Science Hub as an oral-health or craniofacial data source; primary provider page, current variables, access, licence, and duplication still need review."
"LEAD-NIDCR-013","Transformed Medicaid Statistical Information System (T-MSIS) Analytic Files","CMS/ResDAC","","","dental claims; procedures; utilization","","","","https://www.ddshub.nih.gov/data-sources/population-health-data","discovery_only","Listed by the NIDCR Data-Driven Science Hub as an oral-health or craniofacial data source; primary provider page, current variables, access, licence, and duplication still need review."
"LEAD-NIDCR-014","Apple Tree Dental Data","NIDCR DDS Hub","","","dental service and oral-health summary data","","","","https://www.ddshub.nih.gov/data-sources/human-phenotype-data","discovery_only","Listed by the NIDCR Data-Driven Science Hub as an oral-health or craniofacial data source; primary provider page, current variables, access, licence, and duplication still need review."
"LEAD-NIDCR-015","ADA Dental Experience and Research Exchange (DERE)","American Dental Association","","","dental practice and clinical experience data","","","","https://www.ddshub.nih.gov/data-sources/human-phenotype-data","discovery_only","Listed by the NIDCR Data-Driven Science Hub as an oral-health or craniofacial data source; primary provider page, current variables, access, licence, and duplication still need review."
"LEAD-NIDCR-016","BigMouth Dental Data Repository","BigMouth/i2b2","","","de-identified dental electronic health records; clinical data","","","","https://www.ddshub.nih.gov/data-sources/human-phenotype-data","discovery_only","Listed by the NIDCR Data-Driven Science Hub as an oral-health or craniofacial data source; primary provider page, current variables, access, licence, and duplication still need review."
"LEAD-NIDCR-017","NDPBRN Anterior Openbite Malocclusions in Adults study","National Dental Practice-Based Research Network","","","orthodontic clinical study; treatment and stability","","","","https://www.ddshub.nih.gov/data-sources/human-phenotype-data","discovery_only","Listed by the NIDCR Data-Driven Science Hub as an oral-health or craniofacial data source; primary provider page, current variables, access, licence, and duplication still need review."
"LEAD-NIDCR-018","NDPBRN Cracked Tooth Registry","National Dental Practice-Based Research Network","","","cracked-tooth clinical registry","","","","https://www.ddshub.nih.gov/data-sources/human-phenotype-data","discovery_only","Listed by the NIDCR Data-Driven Science Hub as an oral-health or craniofacial data source; primary provider page, current variables, access, licence, and duplication still need review."
"LEAD-NIDCR-019","Wisconsin Collaborative for Healthcare Quality oral-health data","WCHQ","","","dental chart and aggregate oral-health data","","","","https://www.ddshub.nih.gov/data-sources/human-phenotype-data","discovery_only","Listed by the NIDCR Data-Driven Science Hub as an oral-health or craniofacial data source; primary provider page, current variables, access, licence, and duplication still need review."
"LEAD-NIDCR-020","ZOE 2.0 early-childhood oral-health study","UNC Carolina Digital Repository","","","pediatric oral-health epidemiology","","","","https://www.ddshub.nih.gov/data-sources/human-phenotype-data","discovery_only","Listed by the NIDCR Data-Driven Science Hub as an oral-health or craniofacial data source; primary provider page, current variables, access, licence, and duplication still need review."
"LEAD-NIDCR-021","All of Us Research Program","NIH","","","health-record and participant data; dental variable discovery needed","","","","https://www.ddshub.nih.gov/data-sources/human-phenotype-data","discovery_only","Listed by the NIDCR Data-Driven Science Hub as an oral-health or craniofacial data source; primary provider page, current variables, access, licence, and duplication still need review."
"LEAD-NIDCR-022","FaceBase human craniofacial datasets","FaceBase","","","facial scans; morphometrics; phenotype; controlled individual-level data","","","","https://www.ddshub.nih.gov/data-sources/human-phenotype-data","discovery_only","Listed by the NIDCR Data-Driven Science Hub as an oral-health or craniofacial data source; primary provider page, current variables, access, licence, and duplication still need review."
"LEAD-NIDCR-023","Sjögren's International Collaborative Clinical Alliance (SICCA)","UCSF/NIDCR","","","Sjögren's syndrome; oral and salivary clinical phenotypes","","","","https://www.ddshub.nih.gov/data-sources/human-multiomic-data","discovery_only","Listed by the NIDCR Data-Driven Science Hub as an oral-health or craniofacial data source; primary provider page, current variables, access, licence, and duplication still need review."
"LEAD-NIDCR-024","Human Salivary Proteome","Human Salivary Proteome Project","","","salivary proteomics","","","","https://www.ddshub.nih.gov/data-sources/human-multiomic-data","discovery_only","Listed by the NIDCR Data-Driven Science Hub as an oral-health or craniofacial data source; primary provider page, current variables, access, licence, and duplication still need review."
"LEAD-NIDCR-025","Human Oral Microbiome Database (eHOMD)","eHOMD","","","oral microbiome reference data","","","","https://www.ddshub.nih.gov/data-sources/human-multiomic-data","discovery_only","Listed by the NIDCR Data-Driven Science Hub as an oral-health or craniofacial data source; primary provider page, current variables, access, licence, and duplication still need review."
"LEAD-NIDCR-026","NIDCR-funded phenotype datasets in dbGaP","NIH/dbGaP","","","genotype and phenotype; individual studies require screening","","","","https://www.ddshub.nih.gov/data-sources/human-multiomic-data","discovery_only","Listed by the NIDCR Data-Driven Science Hub as an oral-health or craniofacial data source; primary provider page, current variables, access, licence, and duplication still need review."
"LEAD-NIDCR-027","CPTAC-HNSCC","NCI Imaging Data Commons / CPTAC","","","head-and-neck cancer imaging; pathology; proteomics","","","","https://www.ddshub.nih.gov/data-sources/head-neck-imaging-data","discovery_only","Listed by the NIDCR Data-Driven Science Hub as an oral-health or craniofacial data source; primary provider page, current variables, access, licence, and duplication still need review."
"LEAD-NIDCR-028","TCGA-HNSC","NCI Imaging Data Commons / TCGA","","","head-and-neck squamous cell carcinoma imaging and genomics","","","","https://www.ddshub.nih.gov/data-sources/head-neck-imaging-data","discovery_only","Listed by the NIDCR Data-Driven Science Hub as an oral-health or craniofacial data source; primary provider page, current variables, access, licence, and duplication still need review."
"LEAD-NIDCR-029","HNSCC mIF/mIHC comparison collection","The Cancer Imaging Archive","","","head-and-neck pathology images","","","","https://www.ddshub.nih.gov/data-sources/head-neck-imaging-data","discovery_only","Listed by the NIDCR Data-Driven Science Hub as an oral-health or craniofacial data source; primary provider page, current variables, access, licence, and duplication still need review."
